Participant,TrialNumber,Condition,Success,NumberOfTouches,NumberLateralChangesOfDirection,Duration,TimingBetweenLastTouchAndPass,AverageInterpersonalDistance,AverageInterpersonalDistanceAtPassTime
1,10,InSitu,True,4,1,1.9,0.5,5.54,3.69
1,1,InSitu,False,4,0,2.5,1.3,4.22,2.0
1,2,InSitu,True,3,1,1.9,1.0,4.47,2.07
1,3,InSitu,False,4,2,2.5,0.6,4.19,2.31
1,4,InSitu,True,4,4,3.3,0.8,4.79,3.68
1,5,InSitu,True,3,1,2.1,1.2,4.79,2.71
1,6,InSitu,False,5,2,3.5,0.6,3.68,2.1
1,7,InSitu,True,4,2,2.4,0.4,4.31,2.23
1,8,InSitu,True,6,1,3.2,0.3,3.86,2.05
1,9,InSitu,False,7,4,4.0,0.5,3.19,2.09
1,10,Interaction,False,3,1,1.9,0.8,3.81,2.4
1,11,Interaction,False,3,2,1.7,0.7,3.96,2.57
1,12,Interaction,False,3,2,1.8,0.6,3.94,2.62
1,13,Interaction,False,3,2,2.0,0.8,3.56,2.52
1,15,Interaction,False,3,2,1.8,0.7,4.05,2.53
1,17,Interaction,True,3,2,1.9,0.7,3.62,2.73
1,19,Interaction,True,3,1,1.7,0.6,3.82,2.3
1,7,Interaction,False,3,2,2.0,0.7,3.86,2.71
1,8,Interaction,False,3,2,2.0,0.8,3.76,2.73
1,9,Interaction,False,3,2,1.9,0.7,3.77,2.45
1,10,NoInteraction,True,3,1,2.0,1.0,4.13,2.95
1,11,NoInteraction,True,3,2,2.1,1.0,4.23,2.44
1,12,NoInteraction,True,3,2,2.0,1.0,4.15,2.79
1,13,NoInteraction,True,3,1,2.0,1.0,4.37,3.09
1,14,NoInteraction,True,3,1,1.8,0.9,3.87,2.57
1,3,NoInteraction,True,4,2,1.8,0.7,4.43,2.7
1,6,NoInteraction,True,3,1,1.8,1.0,3.97,2.71
1,7,NoInteraction,True,3,1,1.6,1.0,3.9,2.73
1,8,NoInteraction,True,3,0,1.6,0.9,4.4,2.84
1,9,NoInteraction,True,3,1,2.0,0.9,4.09,2.55
1,10,NoOpponent,True,3,1,1.4,0.8,0,0
1,1,NoOpponent,True,3,1,1.6,0.9,0,0
1,2,NoOpponent,True,3,1,1.9,0.8,0,0
1,3,NoOpponent,True,3,1,1.6,1.0,0,0
1,4,NoOpponent,True,3,0,1.2,0.8,0,0
1,5,NoOpponent,True,3,1,1.6,0.9,0,0
1,6,NoOpponent,True,3,1,1.3,0.7,0,0
1,7,NoOpponent,True,3,0,1.4,0.7,0,0
1,8,NoOpponent,True,3,1,1.5,1.0,0,0
1,9,NoOpponent,True,3,1,1.4,0.8,0,0
10,11,InSitu,False,12,4,6.1,0.7,2.57,1.09
10,12,InSitu,False,8,3,3.3,0.2,3.43,1.79
10,13,InSitu,False,9,4,5.4,0.9,2.9,1.92
10,14,InSitu,True,2,0,0.9,0.9,4.91,3.49
10,15,InSitu,False,2,0,1.6,1.6,4.64,2.58
10,16,InSitu,False,12,5,7.4,0.4,2.56,1.84
10,17,InSitu,True,5,1,3.0,0.5,3.62,2.55
10,18,InSitu,False,2,0,1.8,1.8,4.59,1.83
10,19,InSitu,False,2,1,2.2,2.2,3.85,1.98
10,20,InSitu,False,15,6,9.0,0.8,2.65,2.1
11,10,InSitu,False,3,0,0.9,0.7,5.24,4.21
11,1,InSitu,True,3,1,1.5,1.0,5.63,3.61
11,2,InSitu,False,4,2,2.0,0.5,4.16,2.32
11,3,InSitu,False,3,2,1.3,0.5,4.64,2.57
11,4,InSitu,True,6,2,3.1,0.8,3.76,2.77
11,5,InSitu,False,4,1,1.7,0.5,4.38,2.52
11,6,InSitu,True,5,3,2.4,0.5,3.73,2.25
11,7,InSitu,True,4,1,1.6,0.3,4.32,2.53
11,8,InSitu,True,7,4,4.6,1.1,3.35,2.18
11,9,InSitu,False,7,4,3.7,0.5,3.24,2.11
11,10,Interaction,True,3,1,1.3,0.8,2.26,0.97
11,12,Interaction,True,6,2,3.2,0.5,2.02,2.37
11,13,Interaction,True,4,2,2.7,1.1,2.33,2.07
11,14,Interaction,True,3,1,1.3,0.7,2.3,1.03
11,1,Interaction,False,3,1,1.9,0.9,2.9,1.55
11,2,Interaction,True,3,1,1.2,0.6,2.34,1.1
11,3,Interaction,True,3,1,1.2,0.6,2.46,1.25
11,6,Interaction,True,3,1,1.4,0.7,2.84,1.41
11,7,Interaction,True,3,1,1.7,1.0,2.8,1.95
11,9,Interaction,False,4,1,2.0,0.6,2.1,1.46
11,10,NoInteraction,True,3,0,1.8,0.8,2.94,2.0
11,11,NoInteraction,True,2,0,1.2,1.2,3.63,2.31
11,1,NoInteraction,True,3,1,2.0,0.8,2.9,2.0
11,2,NoInteraction,True,3,1,2.5,1.3,2.58,2.0
11,3,NoInteraction,True,3,0,1.9,0.7,3.08,2.0
11,4,NoInteraction,True,3,1,2.1,1.0,2.89,2.0
11,5,NoInteraction,True,4,2,2.6,1.0,2.68,2.0
11,6,NoInteraction,True,3,2,2.1,0.9,2.87,2.0
11,8,NoInteraction,True,3,1,1.5,0.8,3.02,2.0
11,9,NoInteraction,True,3,0,1.7,0.9,2.76,2.0
11,10,NoOpponent,True,2,1,0.9,0.9,0,0
11,1,NoOpponent,True,2,0,0.9,0.9,0,0
11,2,NoOpponent,True,2,1,1.0,1.0,0,0
11,3,NoOpponent,True,2,1,0.9,0.9,0,0
11,4,NoOpponent,True,2,1,0.9,0.9,0,0
11,5,NoOpponent,True,2,1,0.9,0.9,0,0
11,6,NoOpponent,True,2,1,1.0,1.0,0,0
11,7,NoOpponent,True,2,1,0.9,0.9,0,0
11,8,NoOpponent,True,2,1,0.9,0.9,0,0
11,9,NoOpponent,True,2,1,0.9,0.9,0,0
12,10,InSitu,False,11,8,9.9,0.5,2.92,2.5
12,1,InSitu,True,11,4,7.5,0.3,3.6,3.18
12,2,InSitu,True,3,2,5.4,2.9,3.86,3.25
12,3,InSitu,True,3,5,3.6,0.4,3.93,2.47
12,4,InSitu,False,8,4,6.5,0.4,3.57,1.82
12,6,InSitu,True,8,4,7.5,1.2,3.84,2.83
12,7,InSitu,False,5,0,3.0,0.1,4.13,2.5
12,8,InSitu,False,6,4,4.7,0.4,3.33,2.65
12,9,InSitu,False,4,2,2.9,0.1,3.96,2.37
12,10,Interaction,False,4,2,4.9,2.9,3.65,3.21
12,11,Interaction,False,3,1,1.8,0.9,3.94,2.48
12,12,Interaction,False,3,0,1.9,0.9,4.11,2.52
12,13,Interaction,False,4,4,4.3,1.0,3.62,3.45
12,14,Interaction,True,6,6,6.9,0.9,3.5,3.03
12,16,Interaction,False,3,3,2.5,1.1,3.92,3.18
12,17,Interaction,False,3,2,2.6,0.9,3.84,3.06
12,18,Interaction,True,6,4,5.6,1.0,3.43,2.95
12,7,Interaction,False,3,0,2.4,0.9,3.99,2.91
12,8,Interaction,False,3,2,2.6,0.4,3.85,2.92
12,10,NoInteraction,True,3,1,2.0,1.2,3.67,2.08
12,11,NoInteraction,True,2,0,1.3,1.3,4.67,3.3
12,12,NoInteraction,True,2,0,1.7,1.7,4.33,2.85
12,13,NoInteraction,True,2,1,1.4,1.4,4.88,3.2
12,14,NoInteraction,True,2,0,1.4,1.4,5.02,3.32
12,4,NoInteraction,True,2,0,1.7,1.7,4.78,3.18
12,5,NoInteraction,True,2,0,1.9,1.9,4.84,2.86
12,6,NoInteraction,True,2,0,1.3,1.3,4.81,3.22
12,7,NoInteraction,True,2,0,1.2,1.2,5.06,3.62
12,9,NoInteraction,True,2,0,1.8,1.8,3.98,2.63
12,10,NoOpponent,True,2,0,2.1,2.1,0,0
12,1,NoOpponent,True,2,0,1.4,1.4,0,0
12,2,NoOpponent,True,2,2,1.6,1.6,0,0
12,3,NoOpponent,True,2,0,1.4,1.4,0,0
12,4,NoOpponent,True,2,1,1.1,1.1,0,0
12,5,NoOpponent,True,2,0,1.4,1.4,0,0
12,6,NoOpponent,True,2,0,1.3,1.3,0,0
12,7,NoOpponent,True,2,0,1.3,1.3,0,0
12,8,NoOpponent,True,2,0,1.2,1.2,0,0
12,9,NoOpponent,True,2,0,1.2,1.2,0,0
13,10,InSitu,True,9,3,7.9,0.3,3.31,2.09
13,1,InSitu,False,5,3,3.8,0.5,3.66,2.18
13,2,InSitu,True,5,3,2.9,0.6,4.33,1.96
13,3,InSitu,False,6,2,3.1,0.5,4.02,1.96
13,4,InSitu,True,4,2,2.0,0.7,4.65,2.12
13,5,InSitu,False,5,0,2.6,0.3,3.92,0.99
13,6,InSitu,True,11,5,8.0,0.5,3.33,1.84
13,7,InSitu,True,4,1,2.8,0.4,3.4,1.99
13,8,InSitu,True,6,3,3.3,0.3,4.09,1.66
13,9,InSitu,True,7,1,3.7,0.8,3.35,1.87
13,11,Interaction,False,5,1,2.6,0.7,4.43,3.48
13,12,Interaction,True,6,2,3.6,0.6,4.03,3.34
13,13,Interaction,False,5,3,3.6,1.1,3.67,3.02
13,14,Interaction,True,6,2,3.1,0.7,3.84,3.37
13,16,Interaction,True,5,2,2.6,0.5,3.77,2.96
13,19,Interaction,True,5,1,2.5,0.8,3.69,2.91
13,20,Interaction,False,9,2,5.5,1.3,3.56,3.58
13,21,Interaction,True,5,1,2.3,0.7,3.94,3.09
13,6,Interaction,False,5,1,2.2,0.9,3.56,3.08
13,9,Interaction,False,3,1,2.7,1.2,4.54,2.33
13,10,NoInteraction,True,3,2,1.8,0.9,4.45,2.97
13,11,NoInteraction,True,3,0,1.6,0.8,3.79,2.69
13,12,NoInteraction,True,3,1,1.7,0.8,3.4,2.19
13,13,NoInteraction,True,3,2,2.2,0.9,4.6,2.68
13,4,NoInteraction,True,4,2,2.6,0.6,3.82,2.36
13,5,NoInteraction,True,3,2,2.0,0.9,4.28,2.81
13,6,NoInteraction,True,3,2,2.3,0.9,4.3,2.69
13,7,NoInteraction,True,3,1,2.4,1.4,4.08,2.12
13,8,NoInteraction,True,3,1,2.2,0.8,3.78,2.35
13,9,NoInteraction,True,3,0,1.6,0.7,4.67,3.09
13,10,NoOpponent,True,5,1,3.0,0.8,0,0
13,11,NoOpponent,True,3,0,2.3,1.6,0,0
13,12,NoOpponent,True,2,0,1.5,1.5,0,0
13,13,NoOpponent,True,3,0,1.7,0.8,0,0
13,14,NoOpponent,True,2,0,1.6,1.6,0,0
13,4,NoOpponent,True,4,0,2.4,1.2,0,0
13,6,NoOpponent,True,3,0,2.0,1.2,0,0
13,7,NoOpponent,True,5,2,3.2,1.1,0,0
13,8,NoOpponent,True,4,2,2.7,1.1,0,0
13,9,NoOpponent,True,3,0,2.5,1.3,0,0
14,12,InSitu,False,3,0,1.6,1.1,4.77,2.57
14,13,InSitu,True,2,1,1.5,1.5,4.18,1.79
14,14,InSitu,False,2,1,1.8,1.8,3.61,1.27
14,15,InSitu,False,4,0,2.1,0.5,4.39,1.25
14,17,InSitu,True,3,0,1.7,1.0,4.75,1.96
14,18,InSitu,False,2,0,1.6,1.6,3.68,1.38
14,19,InSitu,False,2,0,0.9,0.9,6.17,4.99
14,20,InSitu,False,3,0,1.8,1.2,4.19,1.7
14,21,InSitu,True,3,1,2.0,0.2,3.93,1.12
14,22,InSitu,True,3,1,1.7,1.0,4.63,1.98
14,10,Interaction,False,2,2,1.9,1.9,4.74,2.35
14,11,Interaction,True,3,2,2.5,0.7,4.2,2.29
14,13,Interaction,True,4,2,2.5,0.7,4.34,2.89
14,14,Interaction,True,4,2,2.7,1.0,4.17,2.99
14,16,Interaction,True,3,1,2.0,0.7,5.1,2.69
14,17,Interaction,False,2,0,2.2,2.2,4.83,2.35
14,19,Interaction,False,4,1,2.7,0.7,4.86,2.48
14,20,Interaction,False,3,1,2.1,0.7,4.63,2.55
14,7,Interaction,False,2,2,2.2,2.2,4.81,2.56
14,8,Interaction,True,2,2,2.0,2.0,4.99,2.15
14,11,NoInteraction,True,3,0,1.5,0.8,4.95,3.51
14,12,NoInteraction,True,4,1,2.5,0.7,4.68,3.18
14,16,NoInteraction,True,3,0,2.0,1.2,4.8,3.29
14,3,NoInteraction,True,3,0,2.9,1.4,4.7,3.15
14,4,NoInteraction,True,3,1,2.1,0.9,4.77,3.15
14,5,NoInteraction,True,3,0,2.1,1.2,5.16,3.17
14,7,NoInteraction,True,3,0,2.1,1.4,4.19,3.13
14,8,NoInteraction,True,3,0,2.0,1.1,5.0,3.32
14,9,NoInteraction,True,4,2,3.5,1.3,4.56,3.29
14,10,NoOpponent,True,4,2,2.8,1.0,0,0
14,1,NoOpponent,True,2,1,1.6,1.6,0,0
14,2,NoOpponent,True,2,0,1.3,1.3,0,0
14,3,NoOpponent,True,2,1,1.0,1.0,0,0
14,4,NoOpponent,True,2,0,1.1,1.1,0,0
14,5,NoOpponent,True,3,2,1.7,1.1,0,0
14,6,NoOpponent,True,2,0,1.2,1.2,0,0
14,7,NoOpponent,True,2,0,1.2,1.2,0,0
14,8,NoOpponent,True,2,0,1.3,1.3,0,0
14,9,NoOpponent,True,2,1,1.3,1.3,0,0
15,10,InSitu,True,2,2,1.7,1.7,4.51,3.69
15,1,InSitu,False,2,1,1.1,1.1,4.1,1.61
15,2,InSitu,True,2,1,1.2,1.2,4.14,2.15
15,3,InSitu,True,4,1,1.4,0.4,4.48,2.77
15,4,InSitu,True,2,0,1.8,1.8,4.35,2.71
15,5,InSitu,True,2,0,1.5,1.5,4.26,2.35
15,6,InSitu,False,2,1,1.0,1.0,4.71,2.46
15,7,InSitu,True,4,2,2.1,0.6,3.54,1.76
15,8,InSitu,True,3,2,2.4,0.5,3.58,1.94
15,9,InSitu,False,2,1,1.9,1.9,3.87,2.47
16,10,InSitu,False,3,5,3.3,0.6,3.55,1.27
16,1,InSitu,False,3,1,2.0,1.3,4.45,2.86
16,2,InSitu,False,5,0,3.0,1.3,4.63,2.01
16,3,InSitu,False,7,1,3.2,0.3,2.58,1.25
16,4,InSitu,True,4,2,2.9,1.8,4.6,2.42
16,5,InSitu,False,11,8,6.3,0.6,3.95,1.55
16,6,InSitu,False,4,3,2.4,0.8,7.06,6.43
16,7,InSitu,False,3,0,1.8,1.1,3.92,1.81
16,8,InSitu,True,2,0,0.9,0.9,5.48,5.1
16,9,InSitu,False,2,1,0.9,0.9,5.11,3.85
16,10,Interaction,True,3,1,1.2,0.8,4.62,2.63
16,11,Interaction,False,4,1,1.5,0.5,4.12,2.39
16,12,Interaction,True,3,0,1.3,0.9,4.28,2.43
16,14,Interaction,False,2,0,0.9,0.9,4.86,2.85
16,3,Interaction,True,3,1,1.5,0.9,4.4,2.5
16,5,Interaction,False,2,0,1.0,1.0,5.05,2.89
16,6,Interaction,True,3,1,1.3,0.7,4.15,2.49
16,7,Interaction,False,3,1,1.5,0.9,4.51,2.26
16,8,Interaction,True,3,1,1.2,0.8,4.3,2.4
16,9,Interaction,False,2,0,0.8,0.8,5.22,3.44
16,10,NoInteraction,True,2,0,1.3,1.3,5.0,2.8
16,11,NoInteraction,True,2,0,1.0,1.0,4.89,2.78
16,12,NoInteraction,True,4,2,2.5,1.1,4.45,2.71
16,13,NoInteraction,True,2,0,1.0,1.0,5.26,3.43
16,4,NoInteraction,True,2,0,1.2,1.2,4.77,2.96
16,5,NoInteraction,True,2,0,1.0,1.0,4.6,3.09
16,6,NoInteraction,True,4,1,3.2,0.7,3.67,3.05
16,7,NoInteraction,True,2,0,0.8,0.8,4.96,3.27
16,8,NoInteraction,True,2,0,1.1,1.1,5.06,3.1
16,9,NoInteraction,True,2,0,0.8,0.8,4.58,2.86
16,10,NoOpponent,True,3,0,1.3,0.9,0,0
16,11,NoOpponent,True,2,0,0.9,0.9,0,0
16,12,NoOpponent,True,2,0,1.0,1.0,0,0
16,3,NoOpponent,True,3,0,1.6,0.8,0,0
16,4,NoOpponent,True,2,0,1.1,1.1,0,0
16,5,NoOpponent,True,3,0,1.7,0.7,0,0
16,6,NoOpponent,True,2,0,0.9,0.9,0,0
16,7,NoOpponent,True,2,0,1.0,1.0,0,0
16,8,NoOpponent,True,3,1,1.5,0.8,0,0
16,9,NoOpponent,True,2,0,1.1,1.1,0,0
17,10,Interaction,False,3,1,1.5,0.8,3.86,2.58
17,11,Interaction,True,5,1,2.6,0.7,3.84,3.37
17,12,Interaction,False,5,1,2.5,0.6,3.76,3.12
17,13,Interaction,False,8,2,4.5,0.7,3.83,3.11
17,15,Interaction,False,7,2,3.4,0.8,4.07,3.1
17,17,Interaction,True,5,2,2.9,1.1,4.55,3.57
17,18,Interaction,True,5,2,3.1,0.7,4.04,2.82
17,19,Interaction,True,6,2,3.5,0.6,4.01,3.23
17,7,Interaction,True,4,1,2.2,0.7,4.15,2.64
17,9,Interaction,False,3,1,1.8,0.8,3.49,2.6
17,10,InSitu,True,12,5,11.1,0.6,1.24,1.16
17,11,InSitu,True,5,0,3.2,0.5,2.16,0.73
17,14,InSitu,False,5,3,4.3,0.5,1.64,0.29
17,15,InSitu,True,14,5,15.8,0.4,1.29,1.23
17,4,InSitu,True,4,0,2.0,0.9,2.98,1.19
17,5,InSitu,True,3,0,1.8,1.1,3.0,0.97
17,6,InSitu,False,6,0,2.7,0.3,2.24,1.06
17,7,InSitu,False,3,0,2.3,1.4,2.8,1.19
17,8,InSitu,True,6,0,2.4,0.3,2.45,1.13
17,9,InSitu,True,19,10,14.8,0.1,1.19,0.8
17,10,NoInteraction,True,3,1,2.6,1.4,4.5,4.17
17,11,NoInteraction,True,3,1,2.4,1.9,3.72,2.55
17,12,NoInteraction,True,3,1,2.2,0.5,4.82,3.84
17,3,NoInteraction,True,4,0,2.1,0.9,4.74,3.56
17,4,NoInteraction,True,4,2,2.9,1.3,4.18,3.12
17,5,NoInteraction,True,3,1,1.7,1.0,4.4,3.72
17,6,NoInteraction,True,3,1,2.5,1.2,4.56,3.78
17,7,NoInteraction,True,3,1,2.8,1.2,4.64,3.37
17,8,NoInteraction,True,3,1,3.3,2.0,4.04,3.35
17,9,NoInteraction,True,3,1,1.6,0.8,4.41,3.72
17,10,NoOpponent,True,2,1,1.2,1.2,0,0
17,11,NoOpponent,True,2,1,2.3,2.3,0,0
17,12,NoOpponent,True,2,1,1.7,1.7,0,0
17,13,NoOpponent,True,2,1,2.0,2.0,0,0
17,14,NoOpponent,True,2,2,2.2,2.2,0,0
17,5,NoOpponent,True,3,2,2.2,1.6,0,0
17,6,NoOpponent,True,2,1,1.5,1.5,0,0
17,7,NoOpponent,True,2,1,1.6,1.6,0,0
17,8,NoOpponent,True,3,3,2.4,1.1,0,0
17,9,NoOpponent,True,3,3,2.9,1.7,0,0
18,10,Interaction,False,4,1,2.8,1.0,3.83,3.3
18,11,Interaction,False,4,1,2.8,1.3,3.59,3.38
18,12,Interaction,False,5,5,3.9,0.4,4.19,6.55
18,13,Interaction,True,5,1,3.2,1.2,4.12,3.42
18,14,Interaction,True,6,2,4.1,2.5,3.26,3.65
18,15,Interaction,True,5,2,2.9,0.8,3.81,3.33
18,17,Interaction,False,5,1,2.7,0.7,3.72,3.36
18,18,Interaction,True,6,4,4.4,0.8,3.7,3.22
18,20,Interaction,True,4,1,3.3,1.5,3.87,3.47
18,9,Interaction,False,5,2,3.2,0.8,3.4,2.97
18,10,NoInteraction,True,3,0,1.6,0.7,3.91,3.08
18,11,NoInteraction,True,3,1,1.9,0.7,4.3,2.9
18,12,NoInteraction,True,3,0,2.1,0.8,4.04,2.76
18,3,NoInteraction,True,3,1,1.9,0.9,3.41,2.91
18,4,NoInteraction,True,3,2,2.0,1.1,3.98,2.72
18,5,NoInteraction,True,3,3,2.2,1.2,3.88,2.49
18,6,NoInteraction,True,3,3,1.8,0.6,3.72,2.77
18,7,NoInteraction,True,3,0,2.2,1.0,4.14,2.64
18,8,NoInteraction,True,3,1,2.2,1.0,3.98,2.82
18,9,NoInteraction,True,4,0,2.2,0.8,4.46,2.8
18,10,NoOpponent,True,3,0,1.3,0.8,0,0
18,11,NoOpponent,True,2,0,1.3,1.3,0,0
18,12,NoOpponent,True,3,0,1.7,1.0,0,0
18,2,NoOpponent,True,3,0,1.9,1.1,0,0
18,3,NoOpponent,True,3,2,2.1,1.2,0,0
18,4,NoOpponent,True,3,0,1.6,0.8,0,0
18,5,NoOpponent,True,3,1,1.6,0.9,0,0
18,6,NoOpponent,True,3,1,1.4,0.4,0,0
18,8,NoOpponent,True,2,1,1.5,1.5,0,0
18,9,NoOpponent,True,3,1,2.0,1.1,0,0
18,10,InSitu,False,16,7,16.2,0.6,2.48,1.9
18,11,InSitu,True,3,2,2.2,1.3,4.71,2.74
18,13,InSitu,False,7,8,8.4,0.5,3.06,1.66
18,3,InSitu,True,4,3,3.9,0.6,3.31,1.81
18,4,InSitu,True,10,6,8.7,1.1,2.3,1.51
18,5,InSitu,False,13,11,9.1,0.4,2.49,1.34
18,6,InSitu,True,2,1,0.9,0.9,6.48,5.53
18,7,InSitu,True,7,4,4.0,0.3,1.78,1.28
18,8,InSitu,True,3,2,1.9,0.6,5.21,3.25
18,9,InSitu,True,12,11,11.5,0.9,2.76,1.55
2,21,InSitu,True,3,2,1.8,1.2,4.85,3.19
2,22,InSitu,True,5,6,3.5,0.3,3.01,1.81
2,23,InSitu,True,10,3,6.4,0.7,3.08,1.36
2,24,InSitu,False,3,3,2.6,1.8,4.3,1.83
2,25,InSitu,False,3,2,2.6,1.8,3.87,1.67
2,26,InSitu,False,6,2,3.9,0.7,4.07,2.23
2,27,InSitu,False,5,1,1.7,0.2,4.46,2.18
2,28,InSitu,False,14,5,8.9,0.5,2.86,2.0
2,29,InSitu,True,3,1,1.6,0.9,4.39,2.54
2,30,InSitu,True,4,0,1.8,0.6,4.41,2.59
2,10,Interaction,True,7,2,3.6,0.8,3.49,2.89
2,12,Interaction,False,7,2,4.2,0.5,3.58,3.31
2,13,Interaction,True,5,2,3.4,0.9,3.91,2.96
2,15,Interaction,True,6,3,3.8,0.9,3.77,3.28
2,17,Interaction,False,9,4,6.7,1.1,3.54,2.97
2,18,Interaction,True,5,2,3.0,0.6,3.58,3.22
2,19,Interaction,False,5,2,3.2,0.8,3.9,3.12
2,20,Interaction,False,5,2,2.8,0.6,3.24,2.68
2,8,Interaction,True,5,2,2.6,0.8,3.64,3.22
2,9,Interaction,False,6,1,3.1,0.9,3.21,3.67
2,10,NoInteraction,True,4,2,2.9,0.5,4.39,2.68
2,12,NoInteraction,True,4,2,2.2,0.8,4.3,2.57
2,13,NoInteraction,True,3,0,2.3,0.8,4.46,2.56
2,14,NoInteraction,True,3,1,3.1,1.1,4.39,2.65
2,16,NoInteraction,True,3,2,1.9,1.1,4.23,2.48
2,17,NoInteraction,True,3,2,2.3,0.9,4.48,2.65
2,5,NoInteraction,True,3,1,2.3,1.2,4.17,2.8
2,7,NoInteraction,True,5,1,2.5,0.8,3.99,2.51
2,8,NoInteraction,True,3,0,2.0,0.9,4.68,2.47
2,9,NoInteraction,True,3,2,2.4,0.9,4.61,2.64
2,10,NoOpponent,True,3,0,1.3,1.0,0,0
2,11,NoOpponent,True,2,0,1.0,1.0,0,0
2,2,NoOpponent,True,3,0,1.7,1.0,0,0
2,3,NoOpponent,True,3,1,1.8,1.5,0,0
2,4,NoOpponent,True,4,0,1.8,0.8,0,0
2,5,NoOpponent,True,3,1,1.8,1.3,0,0
2,6,NoOpponent,True,2,1,1.6,1.6,0,0
2,7,NoOpponent,True,2,0,1.1,1.1,0,0
2,8,NoOpponent,True,3,2,1.7,1.3,0,0
2,9,NoOpponent,True,2,1,1.4,1.4,0,0
23,10,InSitu,True,3,2,2.1,1.1,4.79,2.34
23,11,InSitu,True,3,0,1.7,1.0,3.92,2.33
23,3,InSitu,False,3,2,1.9,1.3,4.97,2.95
23,4,InSitu,True,5,1,2.8,0.5,4.63,2.89
23,5,InSitu,False,4,1,2.1,0.5,4.35,2.48
23,6,InSitu,False,2,0,1.6,1.6,4.6,2.89
23,7,InSitu,False,3,2,2.6,1.0,4.57,3.15
23,8,InSitu,True,2,0,1.9,1.9,4.5,2.52
23,9,InSitu,False,5,2,2.8,1.1,4.26,2.32
23,10,Interaction,True,7,4,5.0,0.3,3.21,2.83
23,11,Interaction,True,3,0,1.4,1.1,3.0,1.99
23,12,Interaction,True,5,2,3.8,0.7,3.38,2.84
23,13,Interaction,False,4,1,1.8,0.8,2.61,2.6
23,15,Interaction,False,3,2,1.9,0.6,3.35,2.53
23,16,Interaction,False,4,3,2.8,1.0,3.65,3.03
23,17,Interaction,False,3,2,2.6,1.5,3.74,2.62
23,7,Interaction,True,4,1,2.1,0.8,2.89,2.85
23,8,Interaction,False,4,1,2.4,0.8,3.26,2.6
23,9,Interaction,False,3,1,2.1,0.8,3.59,2.18
23,10,NoInteraction,True,2,0,1.0,1.0,3.44,2.42
23,11,NoInteraction,True,3,1,1.2,0.7,3.37,2.71
23,12,NoInteraction,True,2,0,0.7,0.7,3.23,2.92
23,13,NoInteraction,True,2,0,0.6,0.6,4.35,3.19
23,14,NoInteraction,True,3,0,1.0,0.7,3.74,2.63
23,15,NoInteraction,True,2,0,1.0,1.0,4.25,3.38
23,6,NoInteraction,True,3,1,1.1,0.7,3.39,2.25
23,7,NoInteraction,True,3,1,1.8,0.7,4.05,2.61
23,8,NoInteraction,True,2,0,0.8,0.8,3.32,2.66
23,9,NoInteraction,True,2,0,0.5,0.5,3.6,3.33
23,10,NoOpponent,True,2,0,0.7,0.7,0,0
23,11,NoOpponent,True,2,0,0.5,0.5,0,0
23,12,NoOpponent,True,2,0,0.7,0.7,0,0
23,3,NoOpponent,True,2,0,0.9,0.9,0,0
23,4,NoOpponent,True,2,0,1.0,1.0,0,0
23,5,NoOpponent,True,2,0,0.8,0.8,0,0
23,6,NoOpponent,True,2,0,0.9,0.9,0,0
23,7,NoOpponent,True,2,0,0.8,0.8,0,0
23,8,NoOpponent,True,3,0,1.0,0.6,0,0
23,9,NoOpponent,True,2,0,0.7,0.7,0,0
24,10,Interaction,False,3,2,1.6,0.6,4.38,2.5
24,12,Interaction,True,3,1,1.9,0.6,4.33,2.05
24,13,Interaction,False,3,1,1.7,0.5,4.11,2.37
24,14,Interaction,False,3,1,1.5,0.5,4.45,2.48
24,15,Interaction,False,3,0,1.5,0.6,4.33,2.76
24,16,Interaction,False,3,1,1.4,0.6,3.76,2.5
24,17,Interaction,False,3,2,1.7,0.8,4.27,2.53
24,18,Interaction,False,3,1,1.2,0.6,3.82,2.47
24,19,Interaction,True,3,1,1.7,0.6,4.23,2.36
24,9,Interaction,False,3,2,1.7,0.7,4.64,2.24
24,10,NoInteraction,True,2,0,1.5,1.5,5.22,3.25
24,11,NoInteraction,True,2,0,1.4,1.4,5.33,3.25
24,12,NoInteraction,True,2,0,1.7,1.7,5.32,3.15
24,13,NoInteraction,True,2,0,1.3,1.3,5.18,3.19
24,14,NoInteraction,True,2,0,1.4,1.4,5.32,3.35
24,5,NoInteraction,True,2,0,1.7,1.7,5.29,2.95
24,6,NoInteraction,True,2,0,1.5,1.5,5.24,3.12
24,7,NoInteraction,True,2,0,1.6,1.6,5.04,2.98
24,8,NoInteraction,True,2,0,1.5,1.5,4.87,3.2
24,9,NoInteraction,True,2,0,1.2,1.2,5.17,3.28
24,10,NoOpponent,True,2,1,1.1,1.1,0,0
24,11,NoOpponent,True,2,0,1.4,1.4,0,0
24,12,NoOpponent,True,2,0,1.1,1.1,0,0
24,3,NoOpponent,True,2,0,0.9,0.9,0,0
24,4,NoOpponent,True,2,0,0.9,0.9,0,0
24,5,NoOpponent,True,2,0,1.3,1.3,0,0
24,6,NoOpponent,True,2,0,1.0,1.0,0,0
24,7,NoOpponent,True,2,0,1.1,1.1,0,0
24,8,NoOpponent,True,2,0,1.2,1.2,0,0
24,9,NoOpponent,True,2,1,1.2,1.2,0,0
24,10,InSitu,True,3,0,1.7,0.8,5.77,2.67
24,11,InSitu,False,4,1,2.5,0.8,4.75,1.78
24,12,InSitu,True,3,0,1.4,0.7,4.92,2.68
24,3,InSitu,True,3,1,1.6,0.6,4.31,2.98
24,4,InSitu,True,3,1,1.6,0.6,4.97,3.34
24,5,InSitu,True,3,0,2.2,1.2,4.86,2.84
24,6,InSitu,True,4,1,2.2,0.5,4.93,2.46
24,7,InSitu,False,3,2,1.7,0.3,5.03,3.29
24,8,InSitu,True,4,1,1.9,0.5,4.75,2.72
24,9,InSitu,False,3,2,2.4,1.5,5.07,2.18
25,10,InSitu,False,4,1,3.6,0.6,3.06,1.55
25,11,InSitu,True,3,1,1.7,0.9,3.6,1.81
25,12,InSitu,True,4,1,2.5,0.7,3.42,1.38
25,3,InSitu,False,8,6,7.4,0.9,2.3,1.47
25,4,InSitu,True,4,1,2.1,0.5,3.81,1.92
25,5,InSitu,True,11,7,6.6,0.5,2.25,1.34
25,6,InSitu,False,13,4,7.2,0.1,2.27,1.62
25,7,InSitu,True,5,1,2.4,0.4,3.49,1.77
25,8,InSitu,False,3,1,1.4,0.6,4.51,2.25
25,9,InSitu,True,3,2,1.9,1.1,3.84,1.94
25,10,Interaction,False,5,2,3.1,0.8,3.73,3.39
25,11,Interaction,True,3,1,2.1,0.8,3.59,2.87
25,12,Interaction,False,3,0,1.9,0.7,3.73,2.52
25,13,Interaction,False,7,2,4.4,0.5,3.72,3.18
25,14,Interaction,True,5,2,3.3,1.1,3.55,3.41
25,4,Interaction,False,7,2,3.2,0.7,3.59,3.05
25,5,Interaction,False,9,1,3.7,0.4,3.74,3.34
25,7,Interaction,False,5,1,2.4,0.8,3.49,2.52
25,8,Interaction,True,7,2,3.0,0.6,3.56,3.27
25,9,Interaction,True,5,1,2.3,0.7,3.63,2.76
25,10,NoInteraction,True,3,0,1.7,0.8,4.27,2.55
25,11,NoInteraction,True,3,1,1.7,0.8,4.19,2.44
25,12,NoInteraction,True,4,1,2.7,0.2,3.72,1.7
25,13,NoInteraction,True,4,1,2.4,0.6,3.6,1.94
25,4,NoInteraction,True,3,0,1.7,1.0,4.19,2.64
25,5,NoInteraction,True,3,1,1.8,0.9,4.29,2.4
25,6,NoInteraction,True,3,2,2.0,0.9,4.14,2.14
25,7,NoInteraction,True,3,1,1.6,0.8,4.14,2.47
25,8,NoInteraction,True,3,1,1.8,1.0,3.84,2.46
25,9,NoInteraction,True,3,1,1.8,0.8,3.88,2.21
25,10,NoOpponent,True,2,1,1.3,1.3,0,0
25,11,NoOpponent,True,2,1,1.6,1.6,0,0
25,12,NoOpponent,True,2,0,1.6,1.6,0,0
25,13,NoOpponent,True,2,0,1.3,1.3,0,0
25,4,NoOpponent,True,3,0,1.7,0.7,0,0
25,5,NoOpponent,True,2,1,1.5,1.5,0,0
25,6,NoOpponent,True,2,0,1.3,1.3,0,0
25,7,NoOpponent,True,2,0,1.4,1.4,0,0
25,8,NoOpponent,True,2,2,1.6,1.6,0,0
25,9,NoOpponent,True,2,0,1.5,1.5,0,0
26,16,InSitu,True,3,2,2.8,1.5,5.06,2.21
26,17,InSitu,True,6,1,2.8,0.7,5.07,3.55
26,18,InSitu,True,7,3,3.2,0.5,5.06,3.2
26,19,InSitu,False,4,5,3.2,0.3,4.05,1.96
26,20,InSitu,True,7,3,4.9,0.7,3.15,1.04
26,21,InSitu,False,4,3,3.0,0.3,3.53,1.25
26,22,InSitu,False,12,13,13.3,0.1,2.01,1.15
26,23,InSitu,False,2,0,0.8,0.8,5.04,3.86
26,24,InSitu,True,16,17,21.0,0.2,1.64,1.07
26,26,InSitu,True,3,4,2.9,0.6,3.74,1.77
3,11,InSitu,False,7,1,4.4,0.6,3.36,2.44
3,12,InSitu,True,7,1,4.0,0.4,3.63,2.75
3,13,InSitu,True,2,1,0.8,0.8,5.69,4.5
3,14,InSitu,False,4,2,1.9,0.5,2.04,3.17
3,15,InSitu,True,7,2,3.4,0.4,4.11,2.51
3,16,InSitu,True,7,3,4.6,0.6,3.37,1.86
3,17,InSitu,False,9,4,5.0,0.4,3.43,2.31
3,18,InSitu,True,11,3,5.2,0.3,3.2,2.11
3,19,InSitu,True,4,0,1.6,0.5,4.72,2.63
3,20,InSitu,False,2,0,0.7,0.7,5.08,3.25
3,10,Interaction,False,5,4,3.7,1.1,3.61,2.79
3,11,Interaction,False,5,2,2.9,0.6,3.49,3.27
3,13,Interaction,True,4,2,2.6,1.0,3.67,2.99
3,14,Interaction,True,5,2,3.1,0.5,3.67,3.71
3,15,Interaction,True,4,2,2.6,1.0,3.62,3.01
3,19,Interaction,True,4,2,2.4,1.0,3.7,2.76
3,5,Interaction,False,4,3,2.9,0.6,3.81,2.83
3,6,Interaction,False,5,3,3.3,0.9,3.57,3.14
3,7,Interaction,False,7,4,4.4,0.5,3.62,2.83
3,8,Interaction,False,5,2,2.9,0.8,3.75,3.18
3,10,NoInteraction,True,3,2,2.9,1.6,4.16,2.07
3,11,NoInteraction,True,3,0,1.8,0.9,4.04,2.85
3,12,NoInteraction,True,3,0,1.9,0.8,4.51,2.83
3,13,NoInteraction,True,3,1,2.3,0.8,3.81,2.08
3,4,NoInteraction,True,3,2,2.1,1.1,4.57,2.67
3,5,NoInteraction,True,3,3,2.0,1.1,4.18,2.58
3,6,NoInteraction,True,4,3,2.0,0.4,4.4,2.85
3,7,NoInteraction,True,3,2,2.4,1.4,4.53,2.58
3,8,NoInteraction,True,3,1,2.2,0.7,3.96,2.11
3,9,NoInteraction,True,4,2,2.1,0.8,4.17,2.74
3,10,NoOpponent,True,2,1,1.7,1.7,0,0
3,12,NoOpponent,True,3,2,2.1,1.0,0,0
3,2,NoOpponent,True,3,2,2.0,1.2,0,0
3,3,NoOpponent,True,3,1,2.0,1.0,0,0
3,4,NoOpponent,True,3,0,1.9,0.9,0,0
3,5,NoOpponent,True,3,1,1.8,1.0,0,0
3,6,NoOpponent,True,3,2,1.9,1.0,0,0
3,7,NoOpponent,True,4,0,1.8,0.4,0,0
3,8,NoOpponent,True,4,1,2.3,1.3,0,0
3,9,NoOpponent,True,3,1,1.8,0.7,0,0
4,10,InSitu,False,7,3,6.7,1.4,2.78,1.94
4,11,InSitu,True,9,5,7.2,0.3,2.59,1.65
4,2,InSitu,True,4,1,2.1,0.2,5.46,2.59
4,3,InSitu,False,4,2,3.2,0.3,3.85,2.21
4,4,InSitu,False,3,1,2.9,1.6,4.12,2.04
4,5,InSitu,False,4,1,2.8,0.3,3.71,1.82
4,6,InSitu,True,3,2,2.8,0.3,3.87,2.0
4,7,InSitu,False,4,1,1.9,0.3,4.36,1.95
4,8,InSitu,True,6,5,5.4,0.3,2.99,1.65
4,9,InSitu,True,4,3,4.2,1.2,3.2,1.12
4,11,Interaction,False,2,3,2.8,2.8,3.76,2.57
4,13,Interaction,False,4,0,2.0,0.6,4.34,2.57
4,15,Interaction,False,3,0,1.9,0.4,4.21,2.47
4,16,Interaction,False,3,3,3.0,0.3,3.39,2.61
4,17,Interaction,False,3,1,2.1,0.5,3.83,2.61
4,18,Interaction,False,3,1,2.0,0.4,3.75,1.95
4,19,Interaction,False,3,1,2.3,0.5,3.7,2.71
4,22,Interaction,True,4,1,2.1,0.8,3.9,2.5
4,8,Interaction,False,3,2,2.5,0.5,3.73,2.64
4,9,Interaction,False,3,3,2.4,1.6,3.79,2.77
4,10,NoInteraction,True,4,0,1.7,0.4,4.54,2.97
4,11,NoInteraction,True,3,0,1.2,0.2,4.73,3.12
4,1,NoInteraction,True,2,0,1.4,1.4,4.93,3.14
4,2,NoInteraction,True,3,1,1.9,0.9,4.53,2.59
4,4,NoInteraction,True,3,0,1.4,0.6,4.82,3.18
4,5,NoInteraction,True,2,1,1.5,1.5,4.58,2.88
4,6,NoInteraction,True,3,0,1.6,0.3,5.42,3.33
4,7,NoInteraction,True,3,1,1.7,0.3,4.59,2.8
4,8,NoInteraction,True,2,0,1.7,1.7,4.67,3.15
4,9,NoInteraction,True,4,1,1.4,0.3,4.74,3.16
4,10,NoOpponent,True,2,1,0.9,0.9,0,0
4,11,NoOpponent,True,2,0,0.8,0.8,0,0
4,13,NoOpponent,True,2,1,1.0,1.0,0,0
4,14,NoOpponent,True,2,0,1.1,1.1,0,0
4,4,NoOpponent,True,3,1,1.3,0.4,0,0
4,5,NoOpponent,True,2,0,0.9,0.9,0,0
4,6,NoOpponent,True,2,1,1.0,1.0,0,0
4,7,NoOpponent,True,2,0,1.1,1.1,0,0
4,8,NoOpponent,True,2,1,1.1,1.1,0,0
4,9,NoOpponent,True,2,0,1.0,1.0,0,0
5,12,InSitu,False,3,0,1.4,0.5,4.3,1.73
5,13,InSitu,True,7,3,4.6,1.1,3.18,2.38
5,14,InSitu,True,5,1,2.2,0.5,4.14,1.75
5,15,InSitu,False,2,0,1.3,1.3,4.51,2.48
5,16,InSitu,True,12,5,8.5,0.4,2.76,1.31
5,17,InSitu,False,4,1,1.9,0.6,3.66,1.38
5,19,InSitu,True,3,0,1.2,0.5,4.7,2.41
5,20,InSitu,True,5,1,1.7,0.4,4.69,2.1
5,21,InSitu,True,4,2,2.2,0.5,4.06,1.67
5,22,InSitu,True,3,0,1.4,0.6,5.36,3.32
5,10,Interaction,False,5,2,3.0,0.7,3.55,3.02
5,11,Interaction,True,9,4,5.6,0.7,3.77,3.26
5,13,Interaction,True,5,2,2.5,0.4,3.9,2.65
5,14,Interaction,False,5,1,2.3,0.3,3.63,2.54
5,17,Interaction,False,3,1,2.0,0.8,4.04,2.03
5,18,Interaction,False,10,4,5.9,0.6,3.83,2.79
5,3,Interaction,True,4,0,1.8,0.7,5.02,2.94
5,5,Interaction,False,4,1,1.8,0.5,4.46,2.23
5,7,Interaction,False,5,1,3.0,0.5,3.75,3.59
5,9,Interaction,True,6,1,2.8,0.7,4.08,2.88
5,10,NoInteraction,True,3,0,1.4,1.0,4.41,2.66
5,11,NoInteraction,True,4,1,2.6,1.8,4.51,2.83
5,12,NoInteraction,True,5,1,2.0,0.8,4.6,3.34
5,14,NoInteraction,True,3,0,1.4,0.7,4.4,2.56
5,4,NoInteraction,True,3,0,1.4,0.6,4.71,2.96
5,5,NoInteraction,True,3,1,1.8,1.3,4.37,3.14
5,6,NoInteraction,True,2,0,2.1,2.1,4.19,2.75
5,7,NoInteraction,True,5,1,2.2,0.6,4.33,2.49
5,8,NoInteraction,True,4,1,2.1,0.6,3.72,2.68
5,9,NoInteraction,True,3,0,1.6,0.8,4.76,3.1
5,10,NoOpponent,True,3,0,0.8,0.4,0,0
5,11,NoOpponent,True,2,0,1.0,1.0,0,0
5,12,NoOpponent,True,4,0,1.7,0.8,0,0
5,13,NoOpponent,True,3,1,1.2,0.6,0,0
5,3,NoOpponent,True,2,0,0.8,0.8,0,0
5,4,NoOpponent,True,4,2,2.8,0.3,0,0
5,5,NoOpponent,True,2,0,0.6,0.6,0,0
5,7,NoOpponent,True,3,1,1.6,0.7,0,0
5,8,NoOpponent,True,3,0,1.4,1.0,0,0
5,9,NoOpponent,True,3,1,1.3,0.9,0,0
6,10,InSitu,False,16,7,15.7,1.3,2.58,1.84
6,1,InSitu,True,7,2,4.3,0.7,3.38,1.64
6,2,InSitu,False,5,2,2.3,0.4,5.01,2.61
6,3,InSitu,True,5,2,2.0,0.5,4.48,2.32
6,4,InSitu,False,16,7,10.3,0.8,2.56,2.02
6,5,InSitu,True,5,0,1.9,0.7,4.79,2.67
6,6,InSitu,True,10,3,7.9,0.4,3.22,1.63
6,7,InSitu,True,13,6,10.3,0.5,2.55,2.32
6,8,InSitu,False,4,1,2.8,0.6,4.55,1.66
6,9,InSitu,True,3,2,2.5,0.3,3.61,1.31
6,11,Interaction,False,5,2,3.2,0.9,4.17,3.41
6,12,Interaction,True,3,1,2.1,1.3,4.18,2.84
6,13,Interaction,True,7,4,4.3,0.9,4.08,3.3
6,15,Interaction,False,6,2,3.4,0.7,4.22,2.72
6,16,Interaction,True,5,3,4.3,0.8,3.87,2.8
6,19,Interaction,True,4,2,3.0,0.9,4.03,3.28
6,20,Interaction,True,5,2,3.2,0.8,4.23,3.23
6,21,Interaction,False,3,1,1.8,0.9,4.88,2.75
6,22,Interaction,True,3,1,1.9,0.9,4.57,3.1
6,25,Interaction,True,3,1,2.1,0.9,4.92,3.08
6,10,NoInteraction,True,3,2,2.1,0.6,5.15,3.42
6,11,NoInteraction,True,2,1,1.5,1.5,5.58,3.39
6,13,NoInteraction,True,2,0,1.5,1.5,5.61,3.51
6,14,NoInteraction,True,2,2,1.4,1.4,5.39,3.47
6,15,NoInteraction,True,3,2,2.1,0.8,4.78,2.49
6,16,NoInteraction,True,2,0,1.6,1.6,5.65,3.57
6,5,NoInteraction,True,3,2,1.9,0.6,4.96,2.91
6,7,NoInteraction,True,2,1,1.4,1.4,5.55,3.55
6,8,NoInteraction,True,3,1,1.9,0.7,5.26,3.25
6,9,NoInteraction,True,2,1,1.6,1.6,5.47,3.36
6,10,NoOpponent,True,2,1,1.1,1.1,0,0
6,1,NoOpponent,True,2,0,1.3,1.3,0,0
6,2,NoOpponent,True,2,1,1.1,1.1,0,0
6,3,NoOpponent,True,2,0,1.2,1.2,0,0
6,4,NoOpponent,True,2,1,1.2,1.2,0,0
6,5,NoOpponent,True,2,2,1.2,1.2,0,0
6,6,NoOpponent,True,2,0,0.9,0.9,0,0
6,7,NoOpponent,True,2,1,1.2,1.2,0,0
6,8,NoOpponent,True,2,0,1.0,1.0,0,0
6,9,NoOpponent,True,2,0,1.1,1.1,0,0
7,11,InSitu,True,4,3,2.4,0.9,4.29,2.63
7,12,InSitu,False,4,1,1.9,0.4,4.44,1.8
7,13,InSitu,True,3,3,2.4,0.4,4.71,2.6
7,14,InSitu,False,5,4,3.7,0.4,3.63,2.16
7,15,InSitu,True,5,2,2.2,0.5,4.16,2.51
7,16,InSitu,False,4,3,2.5,0.4,3.93,2.24
7,17,InSitu,True,4,1,1.7,0.5,5.04,3.06
7,18,InSitu,False,4,2,2.6,0.9,4.28,2.37
7,19,InSitu,False,6,2,3.4,0.9,4.1,3.03
7,20,InSitu,False,3,1,1.5,1.0,5.0,3.38
7,11,Interaction,False,3,1,1.8,0.8,3.6,2.29
7,12,Interaction,False,3,0,1.5,1.0,4.17,2.26
7,13,Interaction,True,4,2,2.3,1.0,3.77,2.14
7,14,Interaction,True,6,3,4.2,1.1,3.42,3.1
7,15,Interaction,True,3,1,1.9,1.0,3.42,2.38
7,17,Interaction,False,3,1,2.4,0.9,4.09,5.72
7,3,Interaction,False,5,2,2.5,0.3,3.03,2.59
7,4,Interaction,False,3,1,1.7,1.0,3.72,1.85
7,7,Interaction,True,4,2,2.3,1.1,3.56,2.45
7,9,Interaction,False,3,1,1.8,0.9,4.04,1.81
7,10,NoInteraction,True,3,2,2.2,1.0,3.84,2.43
7,12,NoInteraction,True,3,0,2.0,1.2,3.71,2.46
7,13,NoInteraction,True,3,1,2.1,1.2,3.75,2.68
7,15,NoInteraction,True,3,2,2.2,1.1,3.61,2.36
7,4,NoInteraction,True,3,1,2.0,1.4,3.62,2.39
7,5,NoInteraction,True,3,0,1.8,1.3,3.55,2.46
7,6,NoInteraction,True,4,1,2.1,0.6,3.54,2.13
7,7,NoInteraction,True,3,1,1.7,1.1,3.2,2.26
7,8,NoInteraction,True,3,1,1.7,1.1,3.54,2.9
7,9,NoInteraction,True,3,2,1.7,0.8,3.83,2.69
7,10,NoOpponent,True,3,0,1.4,0.8,0,0
7,11,NoOpponent,True,3,0,1.5,0.8,0,0
7,2,NoOpponent,True,3,0,1.3,0.8,0,0
7,3,NoOpponent,True,3,0,1.4,0.8,0,0
7,4,NoOpponent,True,3,1,1.2,0.8,0,0
7,5,NoOpponent,True,3,0,1.7,1.0,0,0
7,6,NoOpponent,True,3,0,1.3,0.9,0,0
7,7,NoOpponent,True,3,1,1.7,1.0,0,0
7,8,NoOpponent,True,3,0,1.5,0.9,0,0
7,9,NoOpponent,True,3,0,1.3,0.8,0,0
8,10,InSitu,False,3,0,1.5,0.3,3.58,0.81
8,1,InSitu,True,3,0,1.8,1.2,3.59,1.73
8,2,InSitu,True,2,0,2.3,2.3,3.97,2.41
8,3,InSitu,False,7,2,2.8,0.4,3.0,1.76
8,4,InSitu,True,3,1,1.6,0.4,3.57,2.28
8,5,InSitu,False,3,1,1.7,1.1,3.48,1.63
8,6,InSitu,True,5,3,2.6,0.4,3.52,1.88
8,7,InSitu,True,7,2,3.8,0.5,2.53,1.74
8,8,InSitu,True,3,1,1.7,0.8,4.0,2.8
8,9,InSitu,False,3,0,1.2,0.5,4.12,2.22
8,10,Interaction,True,4,1,1.2,0.6,2.12,1.24
8,12,Interaction,False,5,1,1.8,0.6,2.84,1.8
8,13,Interaction,True,4,1,1.7,0.4,3.04,1.49
8,16,Interaction,False,3,0,1.2,0.6,3.22,1.85
8,17,Interaction,False,5,1,1.7,0.7,2.88,1.63
8,1,Interaction,False,3,1,1.2,0.5,3.2,1.85
8,3,Interaction,False,5,1,1.9,0.6,2.95,1.69
8,4,Interaction,False,4,1,1.2,0.6,2.36,1.72
8,6,Interaction,False,5,1,2.4,0.8,2.27,1.96
8,9,Interaction,False,3,1,1.3,0.7,2.31,1.39
8,10,NoInteraction,True,2,1,1.1,1.1,3.5,2.18
8,11,NoInteraction,True,2,0,1.0,1.0,3.56,2.35
8,2,NoInteraction,True,2,0,1.3,1.3,3.55,2.16
8,3,NoInteraction,True,2,0,1.1,1.1,3.28,2.0
8,4,NoInteraction,True,2,0,1.1,1.1,3.6,2.32
8,5,NoInteraction,True,2,0,1.1,1.1,3.76,2.66
8,6,NoInteraction,True,2,0,1.0,1.0,3.64,2.49
8,7,NoInteraction,True,2,0,1.1,1.1,3.7,2.5
8,8,NoInteraction,True,2,0,1.0,1.0,3.56,2.33
8,9,NoInteraction,True,2,0,1.0,1.0,3.76,2.75
8,10,NoOpponent,True,2,0,0.9,0.9,0,0
8,1,NoOpponent,True,2,0,1.3,1.3,0,0
8,2,NoOpponent,True,2,0,0.9,0.9,0,0
8,3,NoOpponent,True,2,0,1.2,1.2,0,0
8,4,NoOpponent,True,2,0,1.2,1.2,0,0
8,5,NoOpponent,True,2,0,1.1,1.1,0,0
8,6,NoOpponent,True,2,0,0.9,0.9,0,0
8,7,NoOpponent,True,2,0,0.9,0.9,0,0
8,8,NoOpponent,True,2,0,1.1,1.1,0,0
8,9,NoOpponent,True,2,1,1.2,1.2,0,0
9,10,InSitu,False,18,11,14.4,0.4,2.48,1.57
9,1,InSitu,False,4,2,2.1,0.3,3.65,1.22
9,2,InSitu,False,5,1,2.5,0.5,3.65,1.39
9,3,InSitu,False,9,5,6.9,0.4,2.42,1.86
9,4,InSitu,True,3,1,2.0,1.0,4.93,2.19
9,5,InSitu,False,5,1,2.0,0.3,3.78,2.27
9,6,InSitu,False,9,5,8.8,0.4,2.61,1.05
9,7,InSitu,False,15,12,12.0,0.5,2.32,1.36
9,8,InSitu,False,11,4,8.1,0.4,3.4,1.66
9,9,InSitu,True,4,1,1.6,0.5,5.1,2.34
9,11,Interaction,False,8,5,6.6,1.0,3.74,3.02
9,12,Interaction,False,4,3,3.0,1.2,3.86,2.92
9,13,Interaction,True,4,3,2.3,0.8,4.43,2.72
9,14,Interaction,True,8,5,7.0,0.8,3.71,3.39
9,15,Interaction,True,6,4,6.3,0.6,3.44,3.34
9,17,Interaction,False,8,5,8.3,1.1,3.54,3.11
9,18,Interaction,True,7,6,6.5,0.9,3.65,3.02
9,19,Interaction,True,3,2,2.3,0.8,4.21,2.45
9,7,Interaction,False,6,3,5.1,0.8,3.7,2.9
9,8,Interaction,True,5,2,3.0,0.8,4.1,2.94
9,11,NoInteraction,True,3,2,2.5,1.5,4.05,2.85
9,12,NoInteraction,True,3,1,2.8,1.5,4.24,2.93
9,13,NoInteraction,True,3,2,2.4,0.9,4.76,2.64
9,14,NoInteraction,True,3,1,2.4,1.1,4.22,2.41
9,4,NoInteraction,True,3,2,2.5,1.0,4.55,2.77
9,5,NoInteraction,True,3,2,2.4,1.0,4.39,2.5
9,6,NoInteraction,True,3,2,2.7,0.9,4.48,2.33
9,7,NoInteraction,True,3,2,2.2,0.9,4.53,2.61
9,8,NoInteraction,True,4,3,3.0,1.2,3.95,2.32
9,9,NoInteraction,True,3,2,2.2,1.0,4.24,2.53
9,10,NoOpponent,True,2,2,1.6,1.6,0,0
9,11,NoOpponent,True,2,1,1.6,1.6,0,0
9,2,NoOpponent,True,3,0,1.7,1.2,0,0
9,3,NoOpponent,True,2,1,1.5,1.5,0,0
9,4,NoOpponent,True,2,1,1.3,1.3,0,0
9,5,NoOpponent,True,2,1,1.4,1.4,0,0
9,6,NoOpponent,True,2,1,1.3,1.3,0,0
9,7,NoOpponent,True,2,1,1.5,1.5,0,0
9,8,NoOpponent,True,3,1,1.7,1.3,0,0
9,9,NoOpponent,True,2,1,1.6,1.6,0,0
